Submission ID,Common Name,Scientific Name,Taxonomic Order,Count,State/Province,County,Location,Latitude,Longitude,Date,Time,Protocol,Duration (Min),All Obs Reported,Distance Traveled (km),Area Covered (ha),Number of Observers,Breeding Code,Species Comments,Checklist Comments
S40578545,Domestic goose sp. (Domestic type),Anser sp. (Domestic type),260.96,X,US-MA,Essex,Essex,42.65736,-70.92672,01-27-2017,,eBird - Casual Observation,,0,,,,,,Baseline list for eBird alerts purposes.
S40578545,Brant,Branta bernicla,261,X,US-MA,Essex,Essex,42.65736,-70.92672,01-27-2017,,eBird - Casual Observation,,0,,,,,,Baseline list for eBird alerts purposes.
S40578545,Canada Goose,Branta canadensis,277,X,US-MA,Essex,Essex,42.65736,-70.92672,01-27-2017,,eBird - Casual Observation,,0,,,,,,Baseline list for eBird alerts purposes.
S40578545,Domestic goose sp. (Domestic type) x Canada Goose (hybrid),Anser sp. (Domestic type) x Branta canadensis,287.65,X,US-MA,Essex,Essex,42.65736,-70.92672,01-27-2017,,eBird - Casual Observation,,0,,,,,,Baseline list for eBird alerts purposes.
S40578545,goose sp.,Anser/Branta sp.,292,X,US-MA,Essex,Essex,42.65736,-70.92672,01-27-2017,,eBird - Casual Observation,,0,,,,,,Baseline list for eBird alerts purposes.
S40578545,Mute Swan,Cygnus olor,296,X,US-MA,Essex,Essex,42.65736,-70.92672,01-27-2017,,eBird - Casual Observation,,0,,,,,,Baseline list for eBird alerts purposes.
S40578545,Muscovy Duck (Domestic type),Cairina moschata (Domestic type),348,X,US-MA,Essex,Essex,42.65736,-70.92672,01-27-2017,,eBird - Casual Observation,,0,,,,,,Baseline list for eBird alerts purposes.
S40578545,Wood Duck,Aix sponsa,357,X,US-MA,Essex,Essex,42.65736,-70.92672,01-27-2017,,eBird - Casual Observation,,0,,,,,,Baseline list for eBird alerts purposes.
S40578545,Gadwall,Mareca strepera,377,X,US-MA,Essex,Essex,42.65736,-70.92672,01-27-2017,,eBird - Casual Observation,,0,,,,,,Baseline list for eBird alerts purposes.
S40578545,American Wigeon,Mareca americana,386,X,US-MA,Essex,Essex,42.65736,-70.92672,01-27-2017,,eBird - Casual Observation,,0,,,,,,Baseline list for eBird alerts purposes.
S40578545,Mallard,Anas platyrhynchos,396,X,US-MA,Essex,Essex,42.65736,-70.92672,01-27-2017,,eBird - Casual Observation,,0,,,,,,Baseline list for eBird alerts purposes.
S40578545,Mallard (Domestic type),Anas platyrhynchos (Domestic type),402,X,US-MA,Essex,Essex,42.65736,-70.92672,01-27-2017,,eBird - Casual Observation,,0,,,,,,Baseline list for eBird alerts purposes.
S40578545,American Black Duck,Anas rubripes,407,X,US-MA,Essex,Essex,42.65736,-70.92672,01-27-2017,,eBird - Casual Observation,,0,,,,,,Baseline list for eBird alerts purposes.
S40578545,Mallard x American Black Duck (hybrid),Anas platyrhynchos x rubripes,407.2,X,US-MA,Essex,Essex,42.65736,-70.92672,01-27-2017,,eBird - Casual Observation,,0,,,,,,Baseline list for eBird alerts purposes.
S40578545,Northern Pintail,Anas acuta,446,X,US-MA,Essex,Essex,42.65736,-70.92672,01-27-2017,,eBird - Casual Observation,,0,,,,,,Baseline list for eBird alerts purposes.
S40578545,Green-winged Teal,Anas crecca,462,X,US-MA,Essex,Essex,42.65736,-70.92672,01-27-2017,,eBird - Casual Observation,,0,,,,,,Baseline list for eBird alerts purposes.
S40578545,Ring-necked Duck,Aythya collaris,499,X,US-MA,Essex,Essex,42.65736,-70.92672,01-27-2017,,eBird - Casual Observation,,0,,,,,,Baseline list for eBird alerts purposes.
S40578545,Greater Scaup,Aythya marila,508,X,US-MA,Essex,Essex,42.65736,-70.92672,01-27-2017,,eBird - Casual Observation,,0,,,,,,Baseline list for eBird alerts purposes.
S40578545,Lesser Scaup,Aythya affinis,511,X,US-MA,Essex,Essex,42.65736,-70.92672,01-27-2017,,eBird - Casual Observation,,0,,,,,,Baseline list for eBird alerts purposes.
S40578545,Greater/Lesser Scaup,Aythya marila/affinis,512,X,US-MA,Essex,Essex,42.65736,-70.92672,01-27-2017,,eBird - Casual Observation,,0,,,,,,Baseline list for eBird alerts purposes.
S40578545,King Eider,Somateria spectabilis,516,X,US-MA,Essex,Essex,42.65736,-70.92672,01-27-2017,,eBird - Casual Observation,,0,,,,,,Baseline list for eBird alerts purposes.
S40578545,Common Eider,Somateria mollissima,517,X,US-MA,Essex,Essex,42.65736,-70.92672,01-27-2017,,eBird - Casual Observation,,0,,,,,,Baseline list for eBird alerts purposes.
S40578545,Harlequin Duck,Histrionicus histrionicus,526,X,US-MA,Essex,Essex,42.65736,-70.92672,01-27-2017,,eBird - Casual Observation,,0,,,,,,Baseline list for eBird alerts purposes.
S40578545,Surf Scoter,Melanitta perspicillata,530,X,US-MA,Essex,Essex,42.65736,-70.92672,01-27-2017,,eBird - Casual Observation,,0,,,,,,Baseline list for eBird alerts purposes.
S40578545,White-winged Scoter,Melanitta fusca,531,X,US-MA,Essex,Essex,42.65736,-70.92672,01-27-2017,,eBird - Casual Observation,,0,,,,,,Baseline list for eBird alerts purposes.
S40578545,Black Scoter,Melanitta americana,537,X,US-MA,Essex,Essex,42.65736,-70.92672,01-27-2017,,eBird - Casual Observation,,0,,,,,,Baseline list for eBird alerts purposes.
S40578545,Surf/Black Scoter,Melanitta perspicillata/americana,538,X,US-MA,Essex,Essex,42.65736,-70.92672,01-27-2017,,eBird - Casual Observation,,0,,,,,,Baseline list for eBird alerts purposes.
S40578545,scoter sp.,Melanitta sp.,539,X,US-MA,Essex,Essex,42.65736,-70.92672,01-27-2017,,eBird - Casual Observation,,0,,,,,,Baseline list for eBird alerts purposes.
S40578545,Long-tailed Duck,Clangula hyemalis,540,X,US-MA,Essex,Essex,42.65736,-70.92672,01-27-2017,,eBird - Casual Observation,,0,,,,,,Baseline list for eBird alerts purposes.
S40578545,Bufflehead,Bucephala albeola,541,X,US-MA,Essex,Essex,42.65736,-70.92672,01-27-2017,,eBird - Casual Observation,,0,,,,,,Baseline list for eBird alerts purposes.
S40578545,Common Goldeneye,Bucephala clangula,543,X,US-MA,Essex,Essex,42.65736,-70.92672,01-27-2017,,eBird - Casual Observation,,0,,,,,,Baseline list for eBird alerts purposes.
S40578545,Hooded Merganser,Lophodytes cucullatus,553,X,US-MA,Essex,Essex,42.65736,-70.92672,01-27-2017,,eBird - Casual Observation,,0,,,,,,Baseline list for eBird alerts purposes.
S40578545,Common Merganser,Mergus merganser,555,X,US-MA,Essex,Essex,42.65736,-70.92672,01-27-2017,,eBird - Casual Observation,,0,,,,,,Baseline list for eBird alerts purposes.
S40578545,Red-breasted Merganser,Mergus serrator,561,X,US-MA,Essex,Essex,42.65736,-70.92672,01-27-2017,,eBird - Casual Observation,,0,,,,,,Baseline list for eBird alerts purposes.
S40578545,Common/Red-breasted Merganser,Mergus merganser/serrator,562,X,US-MA,Essex,Essex,42.65736,-70.92672,01-27-2017,,eBird - Casual Observation,,0,,,,,,Baseline list for eBird alerts purposes.
S40578545,Ruddy Duck,Oxyura jamaicensis,567,X,US-MA,Essex,Essex,42.65736,-70.92672,01-27-2017,,eBird - Casual Observation,,0,,,,,,Baseline list for eBird alerts purposes.
S40578545,duck sp.,Anatinae sp.,578,X,US-MA,Essex,Essex,42.65736,-70.92672,01-27-2017,,eBird - Casual Observation,,0,,,,,,Baseline list for eBird alerts purposes.
S40578545,Ring-necked Pheasant,Phasianus colchicus,1323,X,US-MA,Essex,Essex,42.65736,-70.92672,01-27-2017,,eBird - Casual Observation,,0,,,,,,Baseline list for eBird alerts purposes.
S40578545,Wild Turkey,Meleagris gallopavo,1553,X,US-MA,Essex,Essex,42.65736,-70.92672,01-27-2017,,eBird - Casual Observation,,0,,,,,,Baseline list for eBird alerts purposes.
S40578545,Red-throated Loon,Gavia stellata,1561,X,US-MA,Essex,Essex,42.65736,-70.92672,01-27-2017,,eBird - Casual Observation,,0,,,,,,Baseline list for eBird alerts purposes.
S40578545,Common Loon,Gavia immer,1567,X,US-MA,Essex,Essex,42.65736,-70.92672,01-27-2017,,eBird - Casual Observation,,0,,,,,,Baseline list for eBird alerts purposes.
S40578545,loon sp.,Gavia sp.,1570,X,US-MA,Essex,Essex,42.65736,-70.92672,01-27-2017,,eBird - Casual Observation,,0,,,,,,Baseline list for eBird alerts purposes.
S40578545,Horned Grebe,Podiceps auritus,1611,X,US-MA,Essex,Essex,42.65736,-70.92672,01-27-2017,,eBird - Casual Observation,,0,,,,,,Baseline list for eBird alerts purposes.
S40578545,Red-necked Grebe,Podiceps grisegena,1614,X,US-MA,Essex,Essex,42.65736,-70.92672,01-27-2017,,eBird - Casual Observation,,0,,,,,,Baseline list for eBird alerts purposes.
S40578545,Northern Gannet,Morus bassanus,1964,X,US-MA,Essex,Essex,42.65736,-70.92672,01-27-2017,,eBird - Casual Observation,,0,,,,,,Baseline list for eBird alerts purposes.
S40578545,Great Cormorant,Phalacrocorax carbo,1984.04,X,US-MA,Essex,Essex,42.65736,-70.92672,01-27-2017,,eBird - Casual Observation,,0,,,,,,Baseline list for eBird alerts purposes.
S40578545,Double-crested Cormorant,Phalacrocorax auritus,1988,1,US-MA,Essex,Essex,42.65736,-70.92672,01-27-2017,,eBird - Casual Observation,,0,,,,,Not to be used for scientific purposes.,Baseline list for eBird alerts purposes.
S40578545,cormorant sp.,Phalacrocoracidae sp.,2055,X,US-MA,Essex,Essex,42.65736,-70.92672,01-27-2017,,eBird - Casual Observation,,0,,,,,,Baseline list for eBird alerts purposes.
S40578545,Great Blue Heron,Ardea herodias,2118,X,US-MA,Essex,Essex,42.65736,-70.92672,01-27-2017,,eBird - Casual Observation,,0,,,,,,Baseline list for eBird alerts purposes.
S40578545,Turkey Vulture,Cathartes aura,2362,X,US-MA,Essex,Essex,42.65736,-70.92672,01-27-2017,,eBird - Casual Observation,,0,,,,,,Baseline list for eBird alerts purposes.
S40578545,Northern Harrier,Circus hudsonius,2657,X,US-MA,Essex,Essex,42.65736,-70.92672,01-27-2017,,eBird - Casual Observation,,0,,,,,,Baseline list for eBird alerts purposes.
S40578545,Sharp-shinned Hawk,Accipiter striatus,2807,X,US-MA,Essex,Essex,42.65736,-70.92672,01-27-2017,,eBird - Casual Observation,,0,,,,,,Baseline list for eBird alerts purposes.
S40578545,Cooper's Hawk,Accipiter cooperii,2821,X,US-MA,Essex,Essex,42.65736,-70.92672,01-27-2017,,eBird - Casual Observation,,0,,,,,,Baseline list for eBird alerts purposes.
S40578545,Sharp-shinned/Cooper's Hawk,Accipiter striatus/cooperii,2822,X,US-MA,Essex,Essex,42.65736,-70.92672,01-27-2017,,eBird - Casual Observation,,0,,,,,,Baseline list for eBird alerts purposes.
S40578545,Accipiter sp.,Accipiter sp.,2832,X,US-MA,Essex,Essex,42.65736,-70.92672,01-27-2017,,eBird - Casual Observation,,0,,,,,,Baseline list for eBird alerts purposes.
S40578545,Bald Eagle,Haliaeetus leucocephalus,2881,X,US-MA,Essex,Essex,42.65736,-70.92672,01-27-2017,,eBird - Casual Observation,,0,,,,,,Baseline list for eBird alerts purposes.
S40578545,Red-tailed Hawk,Buteo jamaicensis,2989,X,US-MA,Essex,Essex,42.65736,-70.92672,01-27-2017,,eBird - Casual Observation,,0,,,,,,Baseline list for eBird alerts purposes.
S40578545,Rough-legged Hawk,Buteo lagopus,3007,X,US-MA,Essex,Essex,42.65736,-70.92672,01-27-2017,,eBird - Casual Observation,,0,,,,,,Baseline list for eBird alerts purposes.
S40578545,Buteo sp.,Buteo sp.,3038,X,US-MA,Essex,Essex,42.65736,-70.92672,01-27-2017,,eBird - Casual Observation,,0,,,,,,Baseline list for eBird alerts purposes.
S40578545,hawk sp.,Accipitridae sp. (hawk sp.),3041,X,US-MA,Essex,Essex,42.65736,-70.92672,01-27-2017,,eBird - Casual Observation,,0,,,,,,Baseline list for eBird alerts purposes.
S40578545,American Coot,Fulica americana,3614.5,X,US-MA,Essex,Essex,42.65736,-70.92672,01-27-2017,,eBird - Casual Observation,,0,,,,,,Baseline list for eBird alerts purposes.
S40578545,Ruddy Turnstone,Arenaria interpres,4023,X,US-MA,Essex,Essex,42.65736,-70.92672,01-27-2017,,eBird - Casual Observation,,0,,,,,,Baseline list for eBird alerts purposes.
S40578545,Sanderling,Calidris alba,4059,X,US-MA,Essex,Essex,42.65736,-70.92672,01-27-2017,,eBird - Casual Observation,,0,,,,,,Baseline list for eBird alerts purposes.
S40578545,Dunlin,Calidris alpina,4060,X,US-MA,Essex,Essex,42.65736,-70.92672,01-27-2017,,eBird - Casual Observation,,0,,,,,,Baseline list for eBird alerts purposes.
S40578545,Purple Sandpiper,Calidris maritima,4072,X,US-MA,Essex,Essex,42.65736,-70.92672,01-27-2017,,eBird - Casual Observation,,0,,,,,,Baseline list for eBird alerts purposes.
S40578545,shorebird sp.,Charadriiformes sp.,4262,X,US-MA,Essex,Essex,42.65736,-70.92672,01-27-2017,,eBird - Casual Observation,,0,,,,,,Baseline list for eBird alerts purposes.
S40578545,Common/Thick-billed Murre,Uria aalge/lomvia,4262.32,X,US-MA,Essex,Essex,42.65736,-70.92672,01-27-2017,,eBird - Casual Observation,,0,,,,,,Baseline list for eBird alerts purposes.
S40578545,Razorbill,Alca torda,4262.33,X,US-MA,Essex,Essex,42.65736,-70.92672,01-27-2017,,eBird - Casual Observation,,0,,,,,,Baseline list for eBird alerts purposes.
S40578545,large alcid sp.,Uria/Alca sp.,4262.36,X,US-MA,Essex,Essex,42.65736,-70.92672,01-27-2017,,eBird - Casual Observation,,0,,,,,,Baseline list for eBird alerts purposes.
S40578545,Black Guillemot,Cepphus grylle,4262.38,X,US-MA,Essex,Essex,42.65736,-70.92672,01-27-2017,,eBird - Casual Observation,,0,,,,,,Baseline list for eBird alerts purposes.
S40578545,alcid sp.,Alcidae sp.,4262.82,X,US-MA,Essex,Essex,42.65736,-70.92672,01-27-2017,,eBird - Casual Observation,,0,,,,,,Baseline list for eBird alerts purposes.
S40578545,Black-legged Kittiwake,Rissa tridactyla,4264,X,US-MA,Essex,Essex,42.65736,-70.92672,01-27-2017,,eBird - Casual Observation,,0,,,,,,Baseline list for eBird alerts purposes.
S40578545,Bonaparte's Gull,Chroicocephalus philadelphia,4276,X,US-MA,Essex,Essex,42.65736,-70.92672,01-27-2017,,eBird - Casual Observation,,0,,,,,,Baseline list for eBird alerts purposes.
S40578545,Ring-billed Gull,Larus delawarensis,4319,X,US-MA,Essex,Essex,42.65736,-70.92672,01-27-2017,,eBird - Casual Observation,,0,,,,,,Baseline list for eBird alerts purposes.
S40578545,Herring Gull,Larus argentatus,4328,X,US-MA,Essex,Essex,42.65736,-70.92672,01-27-2017,,eBird - Casual Observation,,0,,,,,,Baseline list for eBird alerts purposes.
S40578545,Iceland Gull,Larus glaucoides,4348.7,X,US-MA,Essex,Essex,42.65736,-70.92672,01-27-2017,,eBird - Casual Observation,,0,,,,,,Baseline list for eBird alerts purposes.
S40578545,Herring x Glaucous Gull (hybrid),Larus argentatus x hyperboreus,4369.3,X,US-MA,Essex,Essex,42.65736,-70.92672,01-27-2017,,eBird - Casual Observation,,0,,,,,,Baseline list for eBird alerts purposes.
S40578545,white-winged gull sp.,Larus sp. (white-winged gull sp.),4369.9,X,US-MA,Essex,Essex,42.65736,-70.92672,01-27-2017,,eBird - Casual Observation,,0,,,,,,Baseline list for eBird alerts purposes.
S40578545,Great Black-backed Gull,Larus marinus,4371,X,US-MA,Essex,Essex,42.65736,-70.92672,01-27-2017,,eBird - Casual Observation,,0,,,,,,Baseline list for eBird alerts purposes.
S40578545,Larus sp.,Larus sp.,4378,X,US-MA,Essex,Essex,42.65736,-70.92672,01-27-2017,,eBird - Casual Observation,,0,,,,,,Baseline list for eBird alerts purposes.
S40578545,gull sp.,Larinae sp.,4379,X,US-MA,Essex,Essex,42.65736,-70.92672,01-27-2017,,eBird - Casual Observation,,0,,,,,,Baseline list for eBird alerts purposes.
S40578545,Rock Pigeon (Feral Pigeon),Columba livia (Feral Pigeon),4686.5,X,US-MA,Essex,Essex,42.65736,-70.92672,01-27-2017,,eBird - Casual Observation,,0,,,,,,Baseline list for eBird alerts purposes.
S40578545,Mourning Dove,Zenaida macroura,5015,X,US-MA,Essex,Essex,42.65736,-70.92672,01-27-2017,,eBird - Casual Observation,,0,,,,,,Baseline list for eBird alerts purposes.
S40578545,Eastern Screech-Owl,Megascops asio,7160,X,US-MA,Essex,Essex,42.65736,-70.92672,01-27-2017,,eBird - Casual Observation,,0,,,,,,Baseline list for eBird alerts purposes.
S40578545,Great Horned Owl,Bubo virginianus,7254,X,US-MA,Essex,Essex,42.65736,-70.92672,01-27-2017,,eBird - Casual Observation,,0,,,,,,Baseline list for eBird alerts purposes.
S40578545,Snowy Owl,Bubo scandiacus,7314,X,US-MA,Essex,Essex,42.65736,-70.92672,01-27-2017,,eBird - Casual Observation,,0,,,,,,Baseline list for eBird alerts purposes.
S40578545,Barred Owl,Strix varia,7526,X,US-MA,Essex,Essex,42.65736,-70.92672,01-27-2017,,eBird - Casual Observation,,0,,,,,,Baseline list for eBird alerts purposes.
S40578545,Short-eared Owl,Asio flammeus,7571,X,US-MA,Essex,Essex,42.65736,-70.92672,01-27-2017,,eBird - Casual Observation,,0,,,,,,Baseline list for eBird alerts purposes.
S40578545,Northern Saw-whet Owl,Aegolius acadicus,7602,X,US-MA,Essex,Essex,42.65736,-70.92672,01-27-2017,,eBird - Casual Observation,,0,,,,,,Baseline list for eBird alerts purposes.
S40578545,Belted Kingfisher,Megaceryle alcyon,9932,X,US-MA,Essex,Essex,42.65736,-70.92672,01-27-2017,,eBird - Casual Observation,,0,,,,,,Baseline list for eBird alerts purposes.
S40578545,Red-bellied Woodpecker,Melanerpes carolinus,10925,X,US-MA,Essex,Essex,42.65736,-70.92672,01-27-2017,,eBird - Casual Observation,,0,,,,,,Baseline list for eBird alerts purposes.
S40578545,Downy Woodpecker,Picoides pubescens,11148,X,US-MA,Essex,Essex,42.65736,-70.92672,01-27-2017,,eBird - Casual Observation,,0,,,,,,Baseline list for eBird alerts purposes.
S40578545,Hairy Woodpecker,Picoides villosus,11164,X,US-MA,Essex,Essex,42.65736,-70.92672,01-27-2017,,eBird - Casual Observation,,0,,,,,,Baseline list for eBird alerts purposes.
S40578545,Downy/Hairy Woodpecker,Picoides pubescens/villosus,11179,X,US-MA,Essex,Essex,42.65736,-70.92672,01-27-2017,,eBird - Casual Observation,,0,,,,,,Baseline list for eBird alerts purposes.
S40578545,Northern Flicker,Colaptes auratus,11308,X,US-MA,Essex,Essex,42.65736,-70.92672,01-27-2017,,eBird - Casual Observation,,0,,,,,,Baseline list for eBird alerts purposes.
S40578545,woodpecker sp.,Picidae sp.,11579.6,X,US-MA,Essex,Essex,42.65736,-70.92672,01-27-2017,,eBird - Casual Observation,,0,,,,,,Baseline list for eBird alerts purposes.
S40578545,Merlin,Falco columbarius,11582.15,X,US-MA,Essex,Essex,42.65736,-70.92672,01-27-2017,,eBird - Casual Observation,,0,,,,,,Baseline list for eBird alerts purposes.
S40578545,Peregrine Falcon,Falco peregrinus,11582.61,X,US-MA,Essex,Essex,42.65736,-70.92672,01-27-2017,,eBird - Casual Observation,,0,,,,,,Baseline list for eBird alerts purposes.
S40578545,falcon sp.,Falco sp.,11582.88,X,US-MA,Essex,Essex,42.65736,-70.92672,01-27-2017,,eBird - Casual Observation,,0,,,,,,Baseline list for eBird alerts purposes.
S40578545,Blue Jay,Cyanocitta cristata,18831,X,US-MA,Essex,Essex,42.65736,-70.92672,01-27-2017,,eBird - Casual Observation,,0,,,,,,Baseline list for eBird alerts purposes.
S40578545,American Crow,Corvus brachyrhynchos,19073,X,US-MA,Essex,Essex,42.65736,-70.92672,01-27-2017,,eBird - Casual Observation,,0,,,,,,Baseline list for eBird alerts purposes.
S40578545,Fish Crow,Corvus ossifragus,19087,X,US-MA,Essex,Essex,42.65736,-70.92672,01-27-2017,,eBird - Casual Observation,,0,,,,,,Baseline list for eBird alerts purposes.
S40578545,crow sp.,Corvus sp. (crow sp.),19119,X,US-MA,Essex,Essex,42.65736,-70.92672,01-27-2017,,eBird - Casual Observation,,0,,,,,,Baseline list for eBird alerts purposes.
S40578545,Common Raven,Corvus corax,19134,X,US-MA,Essex,Essex,42.65736,-70.92672,01-27-2017,,eBird - Casual Observation,,0,,,,,,Baseline list for eBird alerts purposes.
S40578545,Horned Lark,Eremophila alpestris,19870,X,US-MA,Essex,Essex,42.65736,-70.92672,01-27-2017,,eBird - Casual Observation,,0,,,,,,Baseline list for eBird alerts purposes.
S40578545,Black-capped Chickadee,Poecile atricapillus,20246,X,US-MA,Essex,Essex,42.65736,-70.92672,01-27-2017,,eBird - Casual Observation,,0,,,,,,Baseline list for eBird alerts purposes.
S40578545,Tufted Titmouse,Baeolophus bicolor,20484,X,US-MA,Essex,Essex,42.65736,-70.92672,01-27-2017,,eBird - Casual Observation,,0,,,,,,Baseline list for eBird alerts purposes.
S40578545,Red-breasted Nuthatch,Sitta canadensis,20757,X,US-MA,Essex,Essex,42.65736,-70.92672,01-27-2017,,eBird - Casual Observation,,0,,,,,,Baseline list for eBird alerts purposes.
S40578545,White-breasted Nuthatch,Sitta carolinensis,20761,X,US-MA,Essex,Essex,42.65736,-70.92672,01-27-2017,,eBird - Casual Observation,,0,,,,,,Baseline list for eBird alerts purposes.
S40578545,Brown Creeper,Certhia americana,20846,X,US-MA,Essex,Essex,42.65736,-70.92672,01-27-2017,,eBird - Casual Observation,,0,,,,,,Baseline list for eBird alerts purposes.
S40578545,Carolina Wren,Thryothorus ludovicianus,21319,X,US-MA,Essex,Essex,42.65736,-70.92672,01-27-2017,,eBird - Casual Observation,,0,,,,,,Baseline list for eBird alerts purposes.
S40578545,Golden-crowned Kinglet,Regulus satrapa,21932,X,US-MA,Essex,Essex,42.65736,-70.92672,01-27-2017,,eBird - Casual Observation,,0,,,,,,Baseline list for eBird alerts purposes.
S40578545,Eastern Bluebird,Sialia sialis,24482,X,US-MA,Essex,Essex,42.65736,-70.92672,01-27-2017,,eBird - Casual Observation,,0,,,,,,Baseline list for eBird alerts purposes.
S40578545,Hermit Thrush,Catharus guttatus,24608,X,US-MA,Essex,Essex,42.65736,-70.92672,01-27-2017,,eBird - Casual Observation,,0,,,,,,Baseline list for eBird alerts purposes.
S40578545,American Robin,Turdus migratorius,24903,X,US-MA,Essex,Essex,42.65736,-70.92672,01-27-2017,,eBird - Casual Observation,,0,,,,,,Baseline list for eBird alerts purposes.
S40578545,Gray Catbird,Dumetella carolinensis,26358,X,US-MA,Essex,Essex,42.65736,-70.92672,01-27-2017,,eBird - Casual Observation,,0,,,,,,Baseline list for eBird alerts purposes.
S40578545,Northern Mockingbird,Mimus polyglottos,26464,X,US-MA,Essex,Essex,42.65736,-70.92672,01-27-2017,,eBird - Casual Observation,,0,,,,,,Baseline list for eBird alerts purposes.
S40578545,European Starling,Sturnus vulgaris,26621,X,US-MA,Essex,Essex,42.65736,-70.92672,01-27-2017,,eBird - Casual Observation,,0,,,,,,Baseline list for eBird alerts purposes.
S40578545,Cedar Waxwing,Bombycilla cedrorum,27738,X,US-MA,Essex,Essex,42.65736,-70.92672,01-27-2017,,eBird - Casual Observation,,0,,,,,,Baseline list for eBird alerts purposes.
S40578545,Snow Bunting,Plectrophenax nivalis,27766.4,X,US-MA,Essex,Essex,42.65736,-70.92672,01-27-2017,,eBird - Casual Observation,,0,,,,,,Baseline list for eBird alerts purposes.
S40578545,Yellow-rumped Warbler,Setophaga coronata,27938,X,US-MA,Essex,Essex,42.65736,-70.92672,01-27-2017,,eBird - Casual Observation,,0,,,,,,Baseline list for eBird alerts purposes.
S40578545,American Tree Sparrow,Spizelloides arborea,29553,X,US-MA,Essex,Essex,42.65736,-70.92672,01-27-2017,,eBird - Casual Observation,,0,,,,,,Baseline list for eBird alerts purposes.
S40578545,American Tree Sparrow/Spizella sp.,Spizelloides/Spizella sp.,29735.2,X,US-MA,Essex,Essex,42.65736,-70.92672,01-27-2017,,eBird - Casual Observation,,0,,,,,,Baseline list for eBird alerts purposes.
S40578545,Dark-eyed Junco,Junco hyemalis,29958,X,US-MA,Essex,Essex,42.65736,-70.92672,01-27-2017,,eBird - Casual Observation,,0,,,,,,Baseline list for eBird alerts purposes.
S40578545,White-throated Sparrow,Zonotrichia albicollis,29984.17,X,US-MA,Essex,Essex,42.65736,-70.92672,01-27-2017,,eBird - Casual Observation,,0,,,,,,Baseline list for eBird alerts purposes.
S40578545,Savannah Sparrow,Passerculus sandwichensis,29984.32,X,US-MA,Essex,Essex,42.65736,-70.92672,01-27-2017,,eBird - Casual Observation,,0,,,,,,Baseline list for eBird alerts purposes.
S40578545,Song Sparrow,Melospiza melodia,29984.39,X,US-MA,Essex,Essex,42.65736,-70.92672,01-27-2017,,eBird - Casual Observation,,0,,,,,,Baseline list for eBird alerts purposes.
S40578545,Swamp Sparrow,Melospiza georgiana,29984.5,X,US-MA,Essex,Essex,42.65736,-70.92672,01-27-2017,,eBird - Casual Observation,,0,,,,,,Baseline list for eBird alerts purposes.
S40578545,Eastern Towhee,Pipilo erythrophthalmus,29984.76,X,US-MA,Essex,Essex,42.65736,-70.92672,01-27-2017,,eBird - Casual Observation,,0,,,,,,Baseline list for eBird alerts purposes.
S40578545,sparrow sp.,Passerellidae sp. (sparrow sp.),29986,X,US-MA,Essex,Essex,42.65736,-70.92672,01-27-2017,,eBird - Casual Observation,,0,,,,,,Baseline list for eBird alerts purposes.
S40578545,Northern Cardinal,Cardinalis cardinalis,30233,X,US-MA,Essex,Essex,42.65736,-70.92672,01-27-2017,,eBird - Casual Observation,,0,,,,,,Baseline list for eBird alerts purposes.
S40578545,Red-winged Blackbird,Agelaius phoeniceus,30339,X,US-MA,Essex,Essex,42.65736,-70.92672,01-27-2017,,eBird - Casual Observation,,0,,,,,,Baseline list for eBird alerts purposes.
S40578545,Brown-headed Cowbird,Molothrus ater,30380,X,US-MA,Essex,Essex,42.65736,-70.92672,01-27-2017,,eBird - Casual Observation,,0,,,,,,Baseline list for eBird alerts purposes.
S40578545,Common Grackle,Quiscalus quiscula,30421,X,US-MA,Essex,Essex,42.65736,-70.92672,01-27-2017,,eBird - Casual Observation,,0,,,,,,Baseline list for eBird alerts purposes.
S40578545,blackbird sp.,Icteridae sp.,30693,X,US-MA,Essex,Essex,42.65736,-70.92672,01-27-2017,,eBird - Casual Observation,,0,,,,,,Baseline list for eBird alerts purposes.
S40578545,House Finch,Haemorhous mexicanus,30866,X,US-MA,Essex,Essex,42.65736,-70.92672,01-27-2017,,eBird - Casual Observation,,0,,,,,,Baseline list for eBird alerts purposes.
S40578545,House/Purple Finch,Haemorhous mexicanus/purpureus,30878.8,X,US-MA,Essex,Essex,42.65736,-70.92672,01-27-2017,,eBird - Casual Observation,,0,,,,,,Baseline list for eBird alerts purposes.
S40578545,Common/Hoary Redpoll,Acanthis flammea/hornemanni,31018.02,X,US-MA,Essex,Essex,42.65736,-70.92672,01-27-2017,,eBird - Casual Observation,,0,,,,,,Baseline list for eBird alerts purposes.
S40578545,Pine Siskin,Spinus pinus,31021,X,US-MA,Essex,Essex,42.65736,-70.92672,01-27-2017,,eBird - Casual Observation,,0,,,,,,Baseline list for eBird alerts purposes.
S40578545,American Goldfinch,Spinus tristis,31039,X,US-MA,Essex,Essex,42.65736,-70.92672,01-27-2017,,eBird - Casual Observation,,0,,,,,,Baseline list for eBird alerts purposes.
S40578545,Acanthis/Spinus sp.,Acanthis/Spinus sp.,31074,X,US-MA,Essex,Essex,42.65736,-70.92672,01-27-2017,,eBird - Casual Observation,,0,,,,,,Baseline list for eBird alerts purposes.
S40578545,House Sparrow,Passer domesticus,31345,X,US-MA,Essex,Essex,42.65736,-70.92672,01-27-2017,,eBird - Casual Observation,,0,,,,,,Baseline list for eBird alerts purposes.
S40578545,passerine sp.,Passeriformes sp.,32181,X,US-MA,Essex,Essex,42.65736,-70.92672,01-27-2017,,eBird - Casual Observation,,0,,,,,,Baseline list for eBird alerts purposes.
